{
	"parent": "item/handheld",
	"textures": {
		"layer0": "item/barrier"
	},
	"overrides": [
		{"predicate":{"custom_model_data":1374001},"model":"ryz.cgol.excg/0"},
		{"predicate":{"custom_model_data":1374002},"model":"ryz.cgol.excg/head0"},
		{"predicate":{"custom_model_data":1374003},"model":"ryz.cgol.excg/dead"},
		{"predicate":{"custom_model_data":1374004},"model":"ryz.cgol.excg/walk0"},
		{"predicate":{"custom_model_data":1374005},"model":"ryz.cgol.excg/walk1"},
		{"predicate":{"custom_model_data":1374006},"model":"ryz.cgol.excg/pb0"},
		{"predicate":{"custom_model_data":1374007},"model":"ryz.cgol.excg/pb1"},
		{"predicate":{"custom_model_data":1374008},"model":"ryz.cgol.excg/pb2"},
		{"predicate":{"custom_model_data":1374009},"model":"ryz.cgol.excg/pb3"},
		{"predicate":{"custom_model_data":1374010},"model":"ryz.cgol.excg/pb4"}

		
	]
}
